{
  "info": {
    "name": "Shark SaaS API",
    "description": "Complete API collection for Shark SaaS Backend",
    "schema": "https://schema.getpostman.com/json/collection/v2.1.0/collection.json"
  },
  "item": [
    {
      "name": "Authentication",
      "item": [
        {
          "name": "Register User",
          "request": {
            "method": "POST",
            "header": [
              {
                "key": "Content-Type",
                "value": "application/json"
              }
            ],
            "body": {
              "mode": "raw",
              "raw": "{\n  \"email\": \"user@example.com\",\n  \"password\": \"password123\"\n}"
            },
            "url": {
              "raw": "{{base_url}}/api/auth/register",
              "host": ["{{base_url}}"],
              "path": ["api", "auth", "register"]
            }
          }
        },
        {
          "name": "Login User",
          "request": {
            "method": "POST",
            "header": [
              {
                "key": "Content-Type",
                "value": "application/json"
              }
            ],
            "body": {
              "mode": "raw",
              "raw": "{\n  \"email\": \"admin@shark.com\",\n  \"password\": \"admin123\"\n}"
            },
            "url": {
              "raw": "{{base_url}}/api/auth/login",
              "host": ["{{base_url}}"],
              "path": ["api", "auth", "login"]
            }
          }
        }
      ]
    },
    {
      "name": "Public",
      "item": [
        {
          "name": "Get Public Plans",
          "request": {
            "method": "GET",
            "url": {
              "raw": "{{base_url}}/api/plans/public",
              "host": ["{{base_url}}"],
              "path": ["api", "plans", "public"]
            }
          }
        },
        {
          "name": "Validate Key",
          "request": {
            "method": "POST",
            "header": [
              {
                "key": "Content-Type",
                "value": "application/json"
              }
            ],
            "body": {
              "mode": "raw",
              "raw": "{\n  \"key\": \"ABCD-EFGH-IJKL-MNOP\"\n}"
            },
            "url": {
              "raw": "{{base_url}}/api/key/validate",
              "host": ["{{base_url}}"],
              "path": ["api", "key", "validate"]
            }
          }
        }
      ]
    },
    {
      "name": "User",
      "item": [
        {
          "name": "Get Profile",
          "request": {
            "method": "GET",
            "header": [
              {
                "key": "Authorization",
                "value": "Bearer {{token}}"
              }
            ],
            "url": {
              "raw": "{{base_url}}/api/me",
              "host": ["{{base_url}}"],
              "path": ["api", "me"]
            }
          }
        },
        {
          "name": "Process Checkout",
          "request": {
            "method": "POST",
            "header": [
              {
                "key": "Authorization",
                "value": "Bearer {{token}}"
              },
              {
                "key": "Content-Type",
                "value": "application/json"
              }
            ],
            "body": {
              "mode": "raw",
              "raw": "{\n  \"plan_id\": 1,\n  \"payment_method\": \"credit_card\"\n}"
            },
            "url": {
              "raw": "{{base_url}}/api/payments/checkout",
              "host": ["{{base_url}}"],
              "path": ["api", "payments", "checkout"]
            }
          }
        }
      ]
    },
    {
      "name": "Admin",
      "item": [
        {
          "name": "Get Admin Stats",
          "request": {
            "method": "GET",
            "header": [
              {
                "key": "Authorization",
                "value": "Bearer {{admin_token}}"
              }
            ],
            "url": {
              "raw": "{{base_url}}/api/admin/stats",
              "host": ["{{base_url}}"],
              "path": ["api", "admin", "stats"]
            }
          }
        },
        {
          "name": "Create Credential Key",
          "request": {
            "method": "POST",
            "header": [
              {
                "key": "Authorization",
                "value": "Bearer {{admin_token}}"
              },
              {
                "key": "Content-Type",
                "value": "application/json"
              }
            ],
            "body": {
              "mode": "raw",
              "raw": "{\n  \"key_value\": \"SHARK-ACTIVATION-2024-NEW\",\n  \"key_type\": \"activation\",\n  \"is_active\": true\n}"
            },
            "url": {
              "raw": "{{base_url}}/api/admin/cred-keys",
              "host": ["{{base_url}}"],
              "path": ["api", "admin", "cred-keys"]
            }
          }
        }
      ]
    }
  ],
  "variable": [
    {
      "key": "base_url",
      "value": "http://localhost:8080"
    },
    {
      "key": "token",
      "value": ""
    },
    {
      "key": "admin_token",
      "value": ""
    }
  ]
}
